category,mean,median,min,max,sd
Animal Host,0.003452806891160682,0.002739689765622555,7.23308869067235e-4,0.008249661863154789,0.002763770760354154
Freshwater,0.0036829034332016074,0.0030518585994368796,8.4124048506134e-4,0.008895466260679665,0.0028219436388496376
Groundwater,0.00412117884793438,0.003322081918519405,6.985783627920184e-4,0.008338956038927495,0.0030539005126981734
Human Host,0.0032824451369209695,0.0026825301448953898,6.145327853439e-4,0.008375415061135979,0.002747195035929425
Plant Host,0.0038713612665911426,0.003275315371905065,7.97344053246185e-4,0.00874187801733678,0.0027837627888281356
Saline Water,0.0036258293391348653,0.00255123729265394,7.650272176856134e-4,0.008884463100331249,0.003098954101894962
Sediment,0.0034777324234876394,0.0027300079425250237,8.895487673965775e-4,0.009016722629403458,0.0029417240478660667
Soil,0.0034863524839767227,0.00246607869660123,8.133122077951567e-4,0.008499139207508225,0.0028730032180627773
Wastewater,0.004985336649108437,0.00382394583696949,0.0013496081905716752,0.0095990685391178,0.0034364511606202355
